{
  "Interaction_T1_13": {
    "question": "Which object was tidied up by the person?",
    "candidates": [
      "The closet/cabinet.",
      "The blanket.",
      "The clothes.",
      "The table."
    ],
    "answer": "clothes",
    "clean_logits": [
      15.338035583496094,
      21.358558654785156,
      19.860511779785156,
      15.441426277160645
    ],
    "clean_margin": null,
    "counterfactuals": {
      "order_reverse": {
        "logits": [
          15.023735046386719,
          20.261629104614258,
          20.4068603515625,
          17.251785278320312
        ],
        "margin": null,
        "total_effect": null,
        "use_scores": {}
      },
      "local_swap": {
        "logits": [
          15.470330238342285,
          21.094308853149414,
          20.033597946166992,
          16.164548873901367
        ],
        "margin": null,
        "total_effect": null,
        "use_scores": {}
      },
      "motion_destroy": {
        "logits": [
          18.50323486328125,
          20.968542098999023,
          21.920454025268555,
          18.125244140625
        ],
        "margin": null,
        "total_effect": null,
        "use_scores": {}
      },
      "motion_only": {
        "logits": [
          16.55489730834961,
          19.838207244873047,
          21.065126419067383,
          18.971181869506836
        ],
        "margin": null,
        "total_effect": null,
        "use_scores": {}
      }
    }
  },
  "Interaction_T1_14": {
    "question": "Which object was tidied up by the person?",
    "candidates": [
      "The blanket.",
      "The table.",
      "The clothes.",
      "The closet/cabinet."
    ],
    "answer": "clothes",
    "clean_logits": [
      20.588232040405273,
      15.853175163269043,
      20.81238555908203,
      14.751164436340332
    ],
    "clean_margin": null,
    "counterfactuals": {
      "order_reverse": {
        "logits": [
          20.644514083862305,
          16.51572036743164,
          20.40459632873535,
          14.72987174987793
        ],
        "margin": null,
        "total_effect": null,
        "use_scores": {}
      },
      "local_swap": {
        "logits": [
          20.482213973999023,
          16.31698226928711,
          20.80584144592285,
          14.892853736877441
        ],
        "margin": null,
        "total_effect": null,
        "use_scores": {}
      },
      "motion_destroy": {
        "logits": [
          21.22357940673828,
          19.634977340698242,
          20.947816848754883,
          17.93844223022461
        ],
        "margin": null,
        "total_effect": null,
        "use_scores": {}
      },
      "motion_only": {
        "logits": [
          18.88312530517578,
          20.131526947021484,
          19.974040985107422,
          15.980890274047852
        ],
        "margin": null,
        "total_effect": null,
        "use_scores": {}
      }
    }
  },
  "Interaction_T1_31": {
    "question": "Which object was thrown by the person?",
    "candidates": [
      "The pillow.",
      "The bag.",
      "The clothes.",
      "The box."
    ],
    "answer": "clothes",
    "clean_logits": [
      20.729135513305664,
      17.497364044189453,
      19.91062355041504,
      17.051990509033203
    ],
    "clean_margin": null,
    "counterfactuals": {
      "order_reverse": {
        "logits": [
          20.62740135192871,
          17.21982192993164,
          19.3751220703125,
          17.30138397216797
        ],
        "margin": null,
        "total_effect": null,
        "use_scores": {}
      },
      "local_swap": {
        "logits": [
          20.582874298095703,
          17.846059799194336,
          19.943330764770508,
          16.94988250732422
        ],
        "margin": null,
        "total_effect": null,
        "use_scores": {}
      },
      "motion_destroy": {
        "logits": [
          20.990116119384766,
          19.039409637451172,
          20.460023880004883,
          19.109344482421875
        ],
        "margin": null,
        "total_effect": null,
        "use_scores": {}
      },
      "motion_only": {
        "logits": [
          21.37295150756836,
          17.49312400817871,
          19.424816131591797,
          17.606042861938477
        ],
        "margin": null,
        "total_effect": null,
        "use_scores": {}
      }
    }
  },
  "Interaction_T1_32": {
    "question": "Which object was put down by the person?",
    "candidates": [
      "The food.",
      "The shoe.",
      "The blanket.",
      "The sandwich."
    ],
    "answer": "shoe",
    "clean_logits": [
      18.90555763244629,
      20.95231819152832,
      18.900320053100586,
      18.109535217285156
    ],
    "clean_margin": null,
    "counterfactuals": {
      "order_reverse": {
        "logits": [
          16.58283233642578,
          21.891916275024414,
          17.535905838012695,
          16.814054489135742
        ],
        "margin": null,
        "total_effect": null,
        "use_scores": {}
      },
      "local_swap": {
        "logits": [
          18.561664581298828,
          21.046220779418945,
          19.10819435119629,
          17.685678482055664
        ],
        "margin": null,
        "total_effect": null,
        "use_scores": {}
      },
      "motion_destroy": {
        "logits": [
          20.08454704284668,
          19.133190155029297,
          18.693462371826172,
          20.771045684814453
        ],
        "margin": null,
        "total_effect": null,
        "use_scores": {}
      },
      "motion_only": {
        "logits": [
          17.82949447631836,
          20.228219985961914,
          18.410341262817383,
          17.127418518066406
        ],
        "margin": null,
        "total_effect": null,
        "use_scores": {}
      }
    }
  },
  "Interaction_T1_43": {
    "question": "Which object was thrown by the person?",
    "candidates": [
      "The box.",
      "The pillow.",
      "The broom.",
      "The clothes."
    ],
    "answer": "clothes",
    "clean_logits": [
      16.044843673706055,
      19.872133255004883,
      15.612414360046387,
      20.429269790649414
    ],
    "clean_margin": null,
    "counterfactuals": {
      "order_reverse": {
        "logits": [
          16.58837127685547,
          19.848094940185547,
          14.59454345703125,
          19.15524673461914
        ],
        "margin": null,
        "total_effect": null,
        "use_scores": {}
      },
      "local_swap": {
        "logits": [
          16.199867248535156,
          19.8087158203125,
          15.228252410888672,
          20.671245574951172
        ],
        "margin": null,
        "total_effect": null,
        "use_scores": {}
      },
      "motion_destroy": {
        "logits": [
          18.86395835876465,
          19.400203704833984,
          18.63335609436035,
          19.59998321533203
        ],
        "margin": null,
        "total_effect": null,
        "use_scores": {}
      },
      "motion_only": {
        "logits": [
          16.360441207885742,
          18.09717559814453,
          15.569477081298828,
          21.434846878051758
        ],
        "margin": null,
        "total_effect": null,
        "use_scores": {}
      }
    }
  },
  "Interaction_T1_70": {
    "question": "Which object was thrown by the person?",
    "candidates": [
      "The food.",
      "The shoe.",
      "The pillow.",
      "The towel."
    ],
    "answer": "shoe",
    "clean_logits": [
      17.781993865966797,
      19.904125213623047,
      15.836044311523438,
      19.309301376342773
    ],
    "clean_margin": null,
    "counterfactuals": {
      "order_reverse": {
        "logits": [
          19.3326358795166,
          20.147249221801758,
          16.620649337768555,
          18.463024139404297
        ],
        "margin": null,
        "total_effect": null,
        "use_scores": {}
      },